{
  "aws user group cordova": "https://www.meetup.com/aws-user-group-cordova/",
  "aws user group security argentina": "https://www.meetup.com/aws-user-group-buenos-aires/",
  "aws ug baku": "https://www.meetup.com/aws-user-group-baku/",
  "aws user group bosnia (mostar)": "https://www.meetup.com/aws-user-group-mostar/",
  "aws user group belém": "https://www.meetup.com/aws-user-group-belem/",
  "aws user group ceará": "https://www.meetup.com/aws-user-group-ceara/",
  "aws user group circuito das aguas paulistas": "https://www.meetup.com/aws-user-group-circuito-das-aguas-paulistas/",
  "aws user group criciúma": "https://www.meetup.com/aws-user-group-criciuma/",
  "aws user group grande tiête": "https://www.meetup.com/aws-user-group-grande-tiete/",
  "aws user group maringá": "https://www.meetup.com/aws-user-group-maringa/",
  "aws user group são paulo interior": "https://www.meetup.com/aws-user-group-sao-paulo-interior/",
  "aws user group tubarão": "https://www.meetup.com/aws-user-group-tubarao/",
  "aws user group foz de iguaçu": "https://www.meetup.com/aws-user-group-foz-de-iguacu/",
  "aws user group jampa - pb": "https://www.meetup.com/aws-user-group-jampa/",
  "aws user group seridó e sabugy": "https://www.meetup.com/aws-user-group-serido-e-sabugy/",
  "aws user group cascavel – pr": "https://www.meetup.com/aws-user-group-cascavel-pr/",
  "aws user group cambodia": "https://www.meetup.com/aws-user-group-cambodia/",
  "aws user group girls chile": "https://www.meetup.com/aws-user-group-girls-chile/",
  "aws user group beijing": "https://www.meetup.com/aws-user-group-beijing/",
  "aws user group shanghai": "https://www.meetup.com/aws-user-group-shanghai/",
  "aws user group shenzhun": "https://www.meetup.com/aws-user-group-shenzhun/",
  "aws user group guangzhou": "https://www.meetup.com/aws-user-group-guangzhou/",
  "aws user group chengdu": "https://www.meetup.com/aws-user-group-chengdu/",
  "aws user group xian": "https://www.meetup.com/aws-user-group-xian/",
  "aws user group lanzhou": "https://www.meetup.com/aws-user-group-lanzhou/",
  "aws user group wuhan": "https://www.meetup.com/aws-user-group-wuhan/",
  "aws user group hefei": "https://www.meetup.com/aws-user-group-hefei/",
  "aws user group suzhou": "https://www.meetup.com/aws-user-group-suzhou/",
  "aws user group hangzhou": "https://www.meetup.com/aws-user-group-hangzhou/",
  "aws user group fuzhou": "https://www.meetup.com/aws-user-group-fuzhou/",
  "aws user group zhangjiakou": "https://www.meetup.com/aws-user-group-zhangjiakou/",
  "aws user group changji": "https://www.meetup.com/aws-user-group-changji/",
  "aws user group hechi": "https://www.meetup.com/aws-user-group-hechi/",
  "aws user group qingdao": "https://www.meetup.com/aws-user-group-qingdao/",
  "aws user group boyacá": "https://www.meetup.com/aws-user-group-boyaca/",
  "aws user group córdoba": "https://www.meetup.com/aws-user-group-cordoba/",
  "aws user group cúcuta": "https://www.meetup.com/aws-user-group-cucuta/",
  "aws user group medellín": "https://www.meetup.com/aws-user-group-medellin/",
  "aws user group zagreb": "https://www.meetup.com/aws-user-group-zagreb/",
  "aws user group dominican republic": "https://www.meetup.com/aws-user-group-dominican-republic/",
  "aws user group el salvador": "https://www.meetup.com/aws-user-group-el-salvador/",
  "aws user group finland": "https://www.meetup.com/aws-user-group-finland/",
  "aws user group france- côte d'azur": "https://www.meetup.com/aws-user-group-france/",
  "aws user group france- montpellier": "https://www.meetup.com/aws-user-group-france/",
  "aws user group france- nantes": "https://www.meetup.com/aws-user-group-france/",
  "aws user group france- paris": "https://www.meetup.com/aws-user-group-france/",
  "aws user group france rennes": "https://www.meetup.com/aws-user-group-france-rennes/",
  "aws user group france- toulouse": "https://www.meetup.com/aws-user-group-france/",
  "aws user group bodensee": "https://www.meetup.com/aws-user-group-bodensee/",
  "aws user group münsterland": "https://www.meetup.com/aws-user-group-munsterland/",
  "aws user group lower bavaria": "https://www.meetup.com/aws-user-group-lower-bavaria/",
  "aws user group saarbrücken": "https://www.meetup.com/aws-user-group-saarbrucken/",
  "aws user group ulm/neu-ulm": "https://www.meetup.com/aws-user-group-ulm-neu/",
  "aws user group chimaltemango": "https://www.meetup.com/aws-user-group-chimaltemango/",
  "aws user group guastatoya": "https://www.meetup.com/aws-user-group-guastatoya/",
  "aws user group bengaluru": "https://www.meetup.com/aws-user-group-bengaluru/",
  "aws user group data engineering india": "https://www.meetup.com/aws-user-group-data-engineering-india/",
  "aws user group hyderabad": "https://www.meetup.com/aws-user-group-hyderabad/",
  "aws user group kolkata": "https://www.meetup.com/aws-user-group-kolkata/",
  "aws user group mumbai": "https://www.meetup.com/aws-user-group-mumbai/",
  "aws user group nashik": "https://www.meetup.com/aws-user-group-nashik/",
  "aws user group rajkot": "https://www.meetup.com/aws-user-group-rajkot/",
  "aws user group trivandrum": "https://www.meetup.com/aws-user-group-trivandrum/",
  "aws user group women in tech india": "https://www.meetup.com/aws-user-group-women-in-tech-india/",
  "aws user group udaipur": "https://www.meetup.com/aws-user-group-udaipur/",
  "aws user group nagpur": "https://www.meetup.com/aws-user-group-nagpur/",
  "aws user group jakarta": "https://www.meetup.com/aws-user-group-jakarta/",
  "aws user group dublin": "https://www.meetup.com/aws-user-group-dublin/",
  "aws user group milano": "https://www.meetup.com/aws-user-group-milano/",
  "aws user group roma": "https://www.meetup.com/aws-user-group-roma/",
  "aws user group - bologna": "https://www.meetup.com/aws-user-group-/",
  "aws user group ai ml kenya": "https://www.meetup.com/aws-user-group-ai-ml-kenya/",
  "aws user group kosovo": "https://www.meetup.com/aws-user-group-kosovo/",
  "aws user group riga (latvia)": "https://www.meetup.com/aws-user-group-riga-latvia/",
  "aws user group lebanon": "https://www.meetup.com/aws-user-group-lebanon/",
  "aws user group macedonia": "https://www.meetup.com/aws-user-group-macedonia/",
  "aws user group kuala lumpur": "https://www.meetup.com/aws-user-group-kuala-lumpur/",
  "aws user group ajolotes en la nube": "https://www.meetup.com/aws-user-group-ajolotes-en-la-nube/",
  "aws user group emabajadoras cloud": "https://www.meetup.com/aws-user-group-emabajadoras-cloud/",
  "aws user group león": "https://www.meetup.com/aws-user-group-leon/",
  "aws user group mixtli cholula": "https://www.meetup.com/aws-user-group-mixtli-cholula/",
  "aws user group mérida": "https://www.meetup.com/aws-user-group-merida/",
  "aws user group san luis potosí": "https://www.meetup.com/aws-user-group-san-luis-potosi/",
  "aws user group tijuana": "https://www.meetup.com/aws-user-group-tijuana/",
  "aws user group moldova": "https://www.meetup.com/aws-user-group-moldova/",
  "aws user group mongolia": "https://www.meetup.com/aws-user-group-mongolia/",
  "aws user group casablanca": "https://www.meetup.com/aws-user-group-casablanca/",
  "aws user group myanmar": "https://www.meetup.com/aws-user-group-myanmar/",
  "aws user group women in tech nepal": "https://www.meetup.com/aws-user-group-women-in-tech-nepal/",
  "aws user group the netherlands": "https://www.meetup.com/aws-user-group-the-netherlands/",
  "aws user group aotearoa (nz) - christchurch chapter": "https://www.meetup.com/aws-user-group-aotearoa-nz/",
  "aws user group aotearoa (nz) - wellington chapter": "https://www.meetup.com/aws-user-group-aotearoa-nz/",
  "aws user group bergen (norway)": "https://www.meetup.com/aws-user-group-bergen-norway/",
  "aws user group oslo (norway)": "https://www.meetup.com/aws-user-group-oslo-norway/",
  "aws user group trondheim (norway)": "https://www.meetup.com/aws-user-group-trondheim-norway/",
  "aws user group pakistan": "https://www.meetup.com/aws-user-group-pakistan/",
  "aws user group chiriquí": "https://www.meetup.com/aws-user-group-chiriqui/",
  "aws user group panamá": "https://www.meetup.com/aws-user-group-panama/",
  "aws user group perú": "https://www.meetup.com/aws-user-group-peru/",
  "aws user group security latam": "https://www.meetup.com/aws-user-group-security-latam/",
  "aws user group buildhers+": "https://www.meetup.com/aws-user-group-buildhers/",
  "aws user group cebu": "https://www.meetup.com/aws-user-group-cebu/",
  "aws user group mega manila": "https://www.meetup.com/aws-user-group-mega-manila/",
  "aws user group poland": "https://www.meetup.com/aws-user-group-poland/",
  "aws user group łódź": "https://www.meetup.com/aws-user-group-odz/",
  "aws user group białystok": "https://www.meetup.com/aws-user-group-bia-ystok/",
  "aws user group castelo branco & beira baixa": "https://www.meetup.com/aws-user-group-castelo-branco-beira-baixa/",
  "aws user group novi sad": "https://www.meetup.com/aws-user-group-novi-sad/",
  "aws user group singapore": "https://www.meetup.com/aws-user-group-singapore/",
  "aws user group colombo": "https://www.meetup.com/aws-user-group-colombo/",
  "aws user group jönköping": "https://www.meetup.com/aws-user-group-jonkoping/",
  "aws user group skåne": "https://www.meetup.com/aws-user-group-skane/",
  "aws user group örebro": "https://www.meetup.com/aws-user-group-orebro/",
  "aws user group damascus": "https://www.meetup.com/aws-user-group-damascus/",
  "aws user group thailand": "https://www.meetup.com/aws-user-group-thailand/",
  "aws ug dubai": "https://www.meetup.com/aws-user-group-dubai/",
  "aws ug abu dhabi": "https://www.meetup.com/aws-user-group-abu-dhabi/",
  "aws user group manchester": "https://www.meetup.com/aws-user-group-manchester/",
  "aws user group- north east, england": "https://www.meetup.com/aws-user-group-/",
  "aws user group los angeles - aws builders la": "https://www.meetup.com/aws-user-group-los-angeles/",
  "aws user group conneticut": "https://www.meetup.com/aws-user-group-conneticut/",
  "aws user groups of florida - fort lauderdale": "https://www.meetup.com/aws-user-group-s-of-florida/",
  "aws user group las vegas": "https://www.meetup.com/aws-user-group-las-vegas/",
  "aws user group serverless nyc": "https://www.meetup.com/aws-user-group-serverless-nyc/",
  "aws user group - virginia & metro dc": "https://www.meetup.com/aws-user-group-/",
  "aws user group seattle | awsugsea": "https://www.meetup.com/aws-user-group-seattle-awsugsea/",
  "aws user group girls uruguay": "https://www.meetup.com/aws-user-group-girls-uruguay/",
  "aws user group vietnam": "https://www.meetup.com/aws-user-group-vietnam/",
  "aws user group lusaka zambia": "https://www.meetup.com/aws-user-group-lusaka-zambia/",
  "aws user group harare, zimbabawe": "https://www.meetup.com/aws-user-group-harare-zimbabawe/"
}