{
  "lastUpdated": "2025-11-30T21:16:18.974Z",
  "source": "https://builder.aws.com/community/user-groups",
  "totalGroups": 341,
  "userGroups": [
    {
      "name": "AWS User Group Tiranë",
      "city": "Tiranë",
      "country": "Albania",
      "lat": 41.3281482,
      "lng": 19.8184435,
      "url": "https://www.meetup.com/aws-user-group-tirana/"
    },
    {
      "name": "AWS User Group Andorra La Vella",
      "city": "Andorra La Vella",
      "country": "Andorra",
      "lat": 42.4979185,
      "lng": 1.5032264,
      "url": "https://www.linkedin.com/company/aws-user-group-andorra-la-vella/"
    },
    {
      "name": "AWS UG Angola",
      "city": "Angola",
      "country": "Angola",
      "lat": -11.8775768,
      "lng": 17.5691241,
      "url": "https://www.meetup.com/aws-ug-angola/"
    },
    {
      "name": "AWS User Group Buenos Aires",
      "city": "Buenos Aires",
      "country": "Argentina",
      "lat": -34.6095579,
      "lng": -58.3887904,
      "url": "https://www.meetup.com/AWS-User-Group-Buenos-Aires/"
    },
    {
      "name": "AWS User Group Cordova",
      "city": "Cordova",
      "country": "Spain",
      "lat": 37.8845813,
      "lng": -4.7760138,
      "url": "https://www.meetup.com/aws-user-group-cordova/"
    },
    {
      "name": "AWS User Group Girls Argentina",
      "city": "Buenos Aires",
      "country": "Argentina",
      "lat": -34.7435802,
      "lng": -58.3912519,
      "url": "https://www.meetup.com/es/aws-girls-argentina/"
    },
    {
      "name": "AWS User Group Patagonia",
      "city": "Patagonia",
      "country": "United States",
      "lat": 31.5402016,
      "lng": -110.753927,
      "url": "https://www.meetup.com/patagonia-aws-cloud-user-group/"
    },
    {
      "name": "AWS User Group Security Argentina",
      "city": "Buenos Aires",
      "country": "Argentina",
      "lat": -34.6115836,
      "lng": -58.3716773,
      "url": "https://www.meetup.com/aws-user-group-buenos-aires/"
    },
    {
      "name": "AWS User Group Armenia",
      "city": "Armenia",
      "country": "Armenia",
      "lat": 40.7696272,
      "lng": 44.6736646,
      "url": "https://www.meetup.com/AWS-User-Group-Armenia"
    },
    {
      "name": "AWS User Group Adelaide",
      "city": "Adelaide",
      "country": "Australia",
      "lat": -34.9281805,
      "lng": 138.5999312,
      "url": "https://www.meetup.com/Amazon-Web-Services-User-Group-Adelaide/"
    },
    {
      "name": "AWS User Group Brisbane",
      "city": "Brisbane",
      "country": "Australia",
      "lat": -27.4689623,
      "lng": 153.0235009,
      "url": "https://www.meetup.com/AWS-Brisbane/"
    },
    {
      "name": "AWS User Group Canberra",
      "city": "Canberra",
      "country": "Australia",
      "lat": -35.2975906,
      "lng": 149.1012676,
      "url": "https://www.meetup.com/aws-canberra-well-architected-user-group/"
    },
    {
      "name": "AWS User Group Gold Coast",
      "city": "Gold Coast",
      "country": "Australia",
      "lat": -28.0023731,
      "lng": 153.4145987,
      "url": "https://www.meetup.com/aws-gold-coast/"
    },
    {
      "name": "AWS User Group Melbourne",
      "city": "Melbourne",
      "country": "Australia",
      "lat": -37.8142454,
      "lng": 144.9631732,
      "url": "https://www.meetup.com/Melbourne-AWS-Programming-and-Tools-Meetup/"
    },
    {
      "name": "AWS User Group Perth",
      "city": "Perth",
      "country": "Australia",
      "lat": -31.9558967,
      "lng": 115.8605784,
      "url": "https://www.meetup.com/Perth-Data-Engineering-Meetup/"
    },
    {
      "name": "AWS User Group Sydney",
      "city": "Sydney",
      "country": "Australia",
      "lat": -33.8698439,
      "lng": 151.2082848,
      "url": "https://www.meetup.com/AWS-Sydney/"
    },
    {
      "name": "AWS User Group Wollongong",
      "city": "Wollongong",
      "country": "Australia",
      "lat": -34.4243941,
      "lng": 150.89385,
      "url": "https://www.meetup.com/aws-wollongong/"
    },
    {
      "name": "AWS User Group Vienna",
      "city": "Vienna",
      "country": "Austria",
      "lat": 48.2083537,
      "lng": 16.3725042,
      "url": "https://www.meetup.com/Amazon-Web-Services-AWS-Vienna/"
    },
    {
      "name": "AWS User Group Linz",
      "city": "Linz",
      "country": "Austria",
      "lat": 48.3059078,
      "lng": 14.286198,
      "url": "https://www.meetup.com/AWS-User-Group-Linz/"
    },
    {
      "name": "AWS UG Baku",
      "city": "Baku",
      "country": "",
      "lat": 40.3755885,
      "lng": 49.8328009,
      "url": "https://www.meetup.com/aws-user-group-baku/"
    },
    {
      "name": "AWS User Group Bangladesh",
      "city": "Bangladesh",
      "country": "Bangladesh",
      "lat": 24.4769288,
      "lng": 90.2934413,
      "url": "https://www.meetup.com/aws-user-group-bangladesh/"
    },
    {
      "name": "AWS User Group Belgium",
      "city": "Belgium",
      "country": "Belgium",
      "lat": 50.6402809,
      "lng": 4.6667145,
      "url": "https://www.meetup.com/AWS-User-Group-Belgium/"
    },
    {
      "name": "AWS User Group Belize",
      "city": "Belize",
      "country": "Belize",
      "lat": 17.1204943,
      "lng": -88.6859028,
      "url": "https://www.meetup.com/aws-user-group-belize"
    },
    {
      "name": "AWS User Group Benin",
      "city": "Benin",
      "country": "Benin",
      "lat": 9.5293472,
      "lng": 2.2584408,
      "url": "https://www.meetup.com/aws-user-group-benin/"
    },
    {
      "name": "AWS User Group Cochabamba",
      "city": "Cochabamba",
      "country": "Bolivia",
      "lat": -17.4012458,
      "lng": -66.1675681,
      "url": "https://www.meetup.com/aws-user-group-cochabamba"
    },
    {
      "name": "AWS User Group La Paz",
      "city": "La Paz",
      "country": "Bolivia",
      "lat": -16.4955455,
      "lng": -68.1336229,
      "url": "https://www.meetup.com/aws-user-group-la-paz/"
    },
    {
      "name": "AWS User Group Banja Luka",
      "city": "Banja Luka",
      "country": "Bosnia and Herzegovina",
      "lat": 44.7720845,
      "lng": 17.1917651,
      "url": "https://www.meetup.com/AWS-User-Group-Banja-Luka/"
    },
    {
      "name": "AWS User Group Bosnia (Mostar)",
      "city": "Mostar",
      "country": "Bosnia and Herzegovina",
      "lat": 43.3435855,
      "lng": 17.8076584,
      "url": "https://www.meetup.com/aws-user-group-mostar/"
    },
    {
      "name": "AWS User Group Sarajevo",
      "city": "Sarajevo",
      "country": "Bosnia and Herzegovina",
      "lat": 43.8570713,
      "lng": 18.4126147,
      "url": "https://www.meetup.com/AWS-User-Group-Sarajevo/"
    },
    {
      "name": "AWS User Group Curitiba",
      "city": "Curitiba",
      "country": "Brazil",
      "lat": -25.4944375,
      "lng": -49.284271,
      "url": "https://www.meetup.com/aws-curitiba-user-group/"
    },
    {
      "name": "AWS User Group Belo Horizonte",
      "city": "Belo Horizonte",
      "country": "Brazil",
      "lat": -19.9227318,
      "lng": -43.9450948,
      "url": "https://www.meetup.com/awsbh/"
    },
    {
      "name": "AWS User Group Belém",
      "city": "Belém",
      "country": "Brazil",
      "lat": -1.45056,
      "lng": -48.4682453,
      "url": "https://www.meetup.com/aws-user-group-belem/"
    },
    {
      "name": "AWS User Group Blumenau",
      "city": "Blumenau",
      "country": "Brazil",
      "lat": -26.9195567,
      "lng": -49.0658025,
      "url": "https://www.meetup.com/aws-usergroup-blumenau/"
    },
    {
      "name": "AWS User Group Brasilia",
      "city": "Brasilia",
      "country": "Brazil",
      "lat": -10.3333333,
      "lng": -53.2,
      "url": "https://www.meetup.com/aws-user-group-brasilia/"
    },
    {
      "name": "AWS User Group Campinas",
      "city": "Campinas",
      "country": "Brazil",
      "lat": -22.9056391,
      "lng": -47.059564,
      "url": "https://www.meetup.com/awscampinas/"
    },
    {
      "name": "AWS User Group Ceará",
      "city": "Ceará",
      "country": "Brazil",
      "lat": -5.3264703,
      "lng": -39.7156073,
      "url": "https://www.meetup.com/aws-user-group-ceara/"
    },
    {
      "name": "AWS User Group Circuito das Aguas Paulistas",
      "city": "Circuito das Aguas Paulistas",
      "country": "",
      "lat": null,
      "lng": null,
      "url": "https://www.meetup.com/aws-user-group-circuito-das-aguas-paulistas/"
    },
    {
      "name": "AWS User Group Criciúma",
      "city": "Criciúma",
      "country": "Brazil",
      "lat": -28.6789941,
      "lng": -49.3695627,
      "url": "https://www.meetup.com/aws-user-group-criciuma/"
    },
    {
      "name": "AWS User Group Florianópolis",
      "city": "Florianópolis",
      "country": "Brazil",
      "lat": -27.5973002,
      "lng": -48.5496098,
      "url": "https://www.meetup.com/aws-floripa/"
    },
    {
      "name": "AWS User Group Goiânia",
      "city": "Goiânia",
      "country": "Brazil",
      "lat": -16.680882,
      "lng": -49.2532691,
      "url": "https://www.meetup.com/awsgoiania/"
    },
    {
      "name": "AWS User Group Grande Tiête",
      "city": "Grande Tiête",
      "country": "Brazil",
      "lat": -23.4894548,
      "lng": -46.521452,
      "url": "https://www.meetup.com/aws-user-group-grande-tiete/"
    },
    {
      "name": "AWS User Group Joinville",
      "city": "Joinville",
      "country": "France",
      "lat": 48.4433253,
      "lng": 5.1377537,
      "url": "https://www.meetup.com/aws-user-group-joinville/"
    },
    {
      "name": "AWS User Group Maringá",
      "city": "Maringá",
      "country": "Brazil",
      "lat": -23.425269,
      "lng": -51.9382078,
      "url": "https://www.meetup.com/aws-user-group-maringa/"
    },
    {
      "name": "AWS User Group Piaui",
      "city": "Piaui",
      "country": "Brazil",
      "lat": -7.6992782,
      "lng": -42.5043787,
      "url": "https://www.meetup.com/aws-user-group-piaui/"
    },
    {
      "name": "AWS User Group Porto Alegre",
      "city": "Porto Alegre",
      "country": "Brazil",
      "lat": -30.0324999,
      "lng": -51.2303767,
      "url": "https://www.meetup.com/AWS-Porto-Alegre/"
    },
    {
      "name": "AWS User Group Recife",
      "city": "Recife",
      "country": "Brazil",
      "lat": -8.0584933,
      "lng": -34.8848193,
      "url": "https://www.meetup.com/aws-user-group-recife/"
    },
    {
      "name": "AWS User Group Rio de Janeiro",
      "city": "Rio de Janeiro",
      "country": "Brazil",
      "lat": -22.9110137,
      "lng": -43.2093727,
      "url": "https://www.meetup.com/AWS-Meetup-Rio-de-Janeiro/"
    },
    {
      "name": "AWS User Group Salvador",
      "city": "Salvador",
      "country": "El Salvador",
      "lat": 13.8000382,
      "lng": -88.9140683,
      "url": "https://www.meetup.com/aws-user-group-salvador"
    },
    {
      "name": "AWS User Group Sergipe",
      "city": "Sergipe",
      "country": "Brazil",
      "lat": -10.6743911,
      "lng": -37.3773519,
      "url": "https://www.meetup.com/aws-user-group-sergipe"
    },
    {
      "name": "AWS User Group São Paulo",
      "city": "São Paulo",
      "country": "Brazil",
      "lat": -23.5506507,
      "lng": -46.6333824,
      "url": "https://www.meetup.com/awsusergroupsp/"
    },
    {
      "name": "AWS User Group São Paulo Interior",
      "city": "São Paulo Interior",
      "country": "Brazil",
      "lat": -23.1378393,
      "lng": -46.5527464,
      "url": "https://www.meetup.com/aws-user-group-sao-paulo-interior/"
    },
    {
      "name": "AWS User Group Triangulo Mineiro",
      "city": "Triangulo Mineiro",
      "country": "Brazil",
      "lat": -19.7557685,
      "lng": -47.930758,
      "url": "https://www.meetup.com/pt-BR/aws-user-group-triangulo-mineiro/"
    },
    {
      "name": "AWS User Group Tubarão",
      "city": "Tubarão",
      "country": "Brazil",
      "lat": -28.471488,
      "lng": -49.014132,
      "url": "https://www.meetup.com/aws-user-group-tubarao/"
    },
    {
      "name": "AWS User Group Foz de Iguaçu",
      "city": "Foz de Iguaçu",
      "country": "Brazil",
      "lat": -25.5304023,
      "lng": -54.5830692,
      "url": "https://www.meetup.com/aws-user-group-foz-de-iguacu/"
    },
    {
      "name": "AWS User Group Jampa - PB",
      "city": "Jampa",
      "country": "Brazil",
      "lat": -7.1215981,
      "lng": -34.882028,
      "url": "https://www.meetup.com/aws-user-group-jampa/"
    },
    {
      "name": "AWS User Group Sao Luis",
      "city": "Sao Luis",
      "country": "Brazil",
      "lat": -2.5295265,
      "lng": -44.2963942,
      "url": "https://www.meetup.com/pt-BR/aws-user-group-sao-luis"
    },
    {
      "name": "AWS User Group ABC Paulista",
      "city": "ABC Paulista",
      "country": "Brazil",
      "lat": -23.7832929,
      "lng": -46.4824395,
      "url": "https://www.meetup.com/aws-user-group-abc-paulista"
    },
    {
      "name": "AWS User Group Seridó e Sabugy",
      "city": "Seridó e Sabugy",
      "country": "",
      "lat": null,
      "lng": null,
      "url": "https://www.meetup.com/aws-user-group-serido-e-sabugy/"
    },
    {
      "name": "AWS User Group Cascavel – PR",
      "city": "Cascavel – PR",
      "country": "Brazil",
      "lat": -24.9554996,
      "lng": -53.4560544,
      "url": "https://www.meetup.com/aws-user-group-cascavel-pr/"
    },
    {
      "name": "AWS User Group Cambodia",
      "city": "Cambodia",
      "country": "Cambodia",
      "lat": 12.5433216,
      "lng": 104.8144914,
      "url": "https://www.meetup.com/aws-user-group-cambodia/"
    },
    {
      "name": "AWS User Group Douala",
      "city": "Douala",
      "country": "Cameroon",
      "lat": 4.0429389,
      "lng": 9.7062018,
      "url": "https://www.meetup.com/awsugdouala/"
    },
    {
      "name": "AWS User Group Yaounde",
      "city": "Yaounde",
      "country": "Cameroon",
      "lat": 3.8689867,
      "lng": 11.5213344,
      "url": "https://www.meetup.com/aws-user-group-yaounde/"
    },
    {
      "name": "AWS User Group Buea",
      "city": "Buea",
      "country": "Cameroon",
      "lat": 4.1567895,
      "lng": 9.2315915,
      "url": "https://www.meetup.com/aws-user-group-buea/"
    },
    {
      "name": "AWS User Group Mississauga",
      "city": "Mississauga",
      "country": "Canada",
      "lat": 43.5896231,
      "lng": -79.6443879,
      "url": "https://www.meetup.com/mississauga-linux-meetup-group/"
    },
    {
      "name": "AWS User Group Chile",
      "city": "Chile",
      "country": "Chile",
      "lat": -31.7613365,
      "lng": -71.3187697,
      "url": "https://www.meetup.com/AWS-User-Group-Chile/"
    },
    {
      "name": "AWS User Group Girls Chile",
      "city": "Girls Chile",
      "country": "Chile",
      "lat": -33.6103935,
      "lng": -70.5749157,
      "url": "https://www.meetup.com/aws-user-group-girls-chile/"
    },
    {
      "name": "AWS User Group Beijing",
      "city": "Beijing",
      "country": "China",
      "lat": 40.190632,
      "lng": 116.412144,
      "url": "https://www.meetup.com/aws-user-group-beijing/"
    },
    {
      "name": "AWS User Group Shanghai",
      "city": "Shanghai",
      "country": "China",
      "lat": 31.2312707,
      "lng": 121.4700152,
      "url": "https://www.meetup.com/aws-user-group-shanghai/"
    },
    {
      "name": "AWS User Group Shenzhun",
      "city": "Shenzhun",
      "country": "",
      "lat": null,
      "lng": null,
      "url": "https://www.meetup.com/aws-user-group-shenzhun/"
    },
    {
      "name": "AWS User Group Guangzhou",
      "city": "Guangzhou",
      "country": "China",
      "lat": 23.1301964,
      "lng": 113.2592945,
      "url": "https://www.meetup.com/aws-user-group-guangzhou/"
    },
    {
      "name": "AWS User Group Chengdu",
      "city": "Chengdu",
      "country": "China",
      "lat": 30.659867,
      "lng": 104.063315,
      "url": "https://www.meetup.com/aws-user-group-chengdu/"
    },
    {
      "name": "AWS User Group Xian",
      "city": "Xian",
      "country": "China",
      "lat": 38.1904931,
      "lng": 116.1191021,
      "url": "https://www.meetup.com/aws-user-group-xian/"
    },
    {
      "name": "AWS User Group Lanzhou",
      "city": "Lanzhou",
      "country": "China",
      "lat": 36.474436,
      "lng": 103.733224,
      "url": "https://www.meetup.com/aws-user-group-lanzhou/"
    },
    {
      "name": "AWS User Group Wuhan",
      "city": "Wuhan",
      "country": "China",
      "lat": 30.5951051,
      "lng": 114.2999353,
      "url": "https://www.meetup.com/aws-user-group-wuhan/"
    },
    {
      "name": "AWS User Group Hefei",
      "city": "Hefei",
      "country": "China",
      "lat": 31.8665676,
      "lng": 117.281428,
      "url": "https://www.meetup.com/aws-user-group-hefei/"
    },
    {
      "name": "AWS User Group Suzhou",
      "city": "Suzhou",
      "country": "China",
      "lat": 31.311123,
      "lng": 120.6212881,
      "url": "https://www.meetup.com/aws-user-group-suzhou/"
    },
    {
      "name": "AWS User Group Hangzhou",
      "city": "Hangzhou",
      "country": "China",
      "lat": 30.2489634,
      "lng": 120.2052342,
      "url": "https://www.meetup.com/aws-user-group-hangzhou/"
    },
    {
      "name": "AWS User Group Fuzhou",
      "city": "Fuzhou",
      "country": "China",
      "lat": 26.0774954,
      "lng": 119.2918215,
      "url": "https://www.meetup.com/aws-user-group-fuzhou/"
    },
    {
      "name": "AWS User Group Zhangjiakou",
      "city": "Zhangjiakou",
      "country": "China",
      "lat": 40.8171433,
      "lng": 114.8782861,
      "url": "https://www.meetup.com/aws-user-group-zhangjiakou/"
    },
    {
      "name": "AWS User Group Changji",
      "city": "Changji",
      "country": "China",
      "lat": 44.3478012,
      "lng": 86.6870066,
      "url": "https://www.meetup.com/aws-user-group-changji/"
    },
    {
      "name": "AWS User Group Hechi",
      "city": "Hechi",
      "country": "China",
      "lat": 24.7169004,
      "lng": 107.8857367,
      "url": "https://www.meetup.com/aws-user-group-hechi/"
    },
    {
      "name": "AWS User Group Qingdao",
      "city": "Qingdao",
      "country": "China",
      "lat": 36.0663249,
      "lng": 120.3777659,
      "url": "https://www.meetup.com/aws-user-group-qingdao/"
    },
    {
      "name": "AWS User Group Barranquilla",
      "city": "Barranquilla",
      "country": "Colombia",
      "lat": 11.0101922,
      "lng": -74.8231794,
      "url": "https://www.meetup.com/aws-barranquilla/"
    },
    {
      "name": "AWS User Group Bogota",
      "city": "Bogota",
      "country": "Colombia",
      "lat": 4.6533817,
      "lng": -74.0836331,
      "url": "https://www.meetup.com/AWS-Colombia-bogota/"
    },
    {
      "name": "AWS User Group Boyacá",
      "city": "Boyacá",
      "country": "Colombia",
      "lat": 5.6278979,
      "lng": -72.8268617,
      "url": "https://www.meetup.com/aws-user-group-boyaca/"
    },
    {
      "name": "AWS User Group Córdoba",
      "city": "Córdoba",
      "country": "Colombia",
      "lat": 37.8845813,
      "lng": -4.7760138,
      "url": "https://www.meetup.com/aws-user-group-cordoba/"
    },
    {
      "name": "AWS User Group Cúcuta",
      "city": "Cúcuta",
      "country": "Colombia",
      "lat": 8.0776187,
      "lng": -72.4689002,
      "url": "https://www.meetup.com/aws-user-group-cucuta/"
    },
    {
      "name": "AWS User Group Manizales",
      "city": "Manizales",
      "country": "Colombia",
      "lat": 5.0743694,
      "lng": -75.5081167,
      "url": "https://www.meetup.com/it-IT/aws-user-group-manizales/"
    },
    {
      "name": "AWS User Group Medellín",
      "city": "Medellín",
      "country": "Colombia",
      "lat": 6.2697325,
      "lng": -75.6025597,
      "url": "https://www.meetup.com/aws-user-group-medellin/"
    },
    {
      "name": "AWS User Group Neiva",
      "city": "Neiva",
      "country": "Colombia",
      "lat": 3.0332554,
      "lng": -75.2794303,
      "url": "https://www.meetup.com/aws-users-group-neiva/"
    },
    {
      "name": "AWS User Group Valle del Cauca",
      "city": "Valle del Cauca",
      "country": "Colombia",
      "lat": 3.6984053,
      "lng": -76.5501996,
      "url": "https://www.meetup.com/es-ES/aws-user-group-valle-del-cauca/"
    },
    {
      "name": "AWS User Group Brazzaville",
      "city": "Brazzaville",
      "country": "Congo",
      "lat": -4.2694407,
      "lng": 15.2712256,
      "url": "https://www.meetup.com/aws-users-group-brazzaville/"
    },
    {
      "name": "AWS User Group Costa Rica",
      "city": "Costa Rica",
      "country": "Costa Rica",
      "lat": 10.2735633,
      "lng": -84.0739102,
      "url": "https://www.meetup.com/aws-user-group-san-jose-costa-rica"
    },
    {
      "name": "AWS User Group Zagreb",
      "city": "Zagreb",
      "country": "Croatia",
      "lat": 45.8130967,
      "lng": 15.9772795,
      "url": "https://www.meetup.com/aws-user-group-zagreb/"
    },
    {
      "name": "AWS User Group Cyprus",
      "city": "Cyprus",
      "country": "Cyprus",
      "lat": 34.9174159,
      "lng": 32.8899027,
      "url": "https://www.meetup.com/aws-users-cyprus/"
    },
    {
      "name": "AWS User Group Congo-Kinshasa",
      "city": "Congo",
      "country": "Democratic Republic of the Congo",
      "lat": -2.9814344,
      "lng": 23.8222636,
      "url": "https://www.meetup.com/aws-user-group-congo-kinshasa/"
    },
    {
      "name": "AWS User Group Dominican Republic",
      "city": "Dominican Republic",
      "country": "Dominican Republic",
      "lat": 19.0974031,
      "lng": -70.3028026,
      "url": "https://www.meetup.com/aws-user-group-dominican-republic/"
    },
    {
      "name": "AWS User Group Women Ecuador",
      "city": "Women Ecuador",
      "country": "Ecuador",
      "lat": -0.9398741,
      "lng": -78.6186788,
      "url": "https://www.meetup.com/aws-women-ecuador/"
    },
    {
      "name": "AWS User Group Ecuador",
      "city": "Ecuador",
      "country": "Ecuador",
      "lat": -1.3397668,
      "lng": -79.3666965,
      "url": "https://www.meetup.com/aws-ecuador/"
    },
    {
      "name": "AWS User Group Giza",
      "city": "Giza",
      "country": "Egypt",
      "lat": 29.9870753,
      "lng": 31.2118063,
      "url": "https://www.meetup.com/aws-ug-giza/"
    },
    {
      "name": "AWS User Group El Salvador",
      "city": "El Salvador",
      "country": "El Salvador",
      "lat": 13.8000382,
      "lng": -88.9140683,
      "url": "https://www.meetup.com/aws-user-group-el-salvador/"
    },
    {
      "name": "AWS User Group Addis Ababa",
      "city": "Addis Ababa",
      "country": "Ethiopia",
      "lat": 9.0358287,
      "lng": 38.7524127,
      "url": "https://www.meetup.com/aws-user-group-addis-ababa/"
    },
    {
      "name": "AWS User Group Finland",
      "city": "Finland",
      "country": "Finland",
      "lat": 63.2467777,
      "lng": 25.9209164,
      "url": "https://www.meetup.com/aws-user-group-finland/"
    },
    {
      "name": "AWS User Group Tampere",
      "city": "Tampere",
      "country": "Finland",
      "lat": 61.4977929,
      "lng": 23.7616372,
      "url": "https://www.meetup.com/AWS-User-Group-Tampere/"
    },
    {
      "name": "AWS User Group Kuopio",
      "city": "Kuopio",
      "country": "Finland",
      "lat": 62.8924641,
      "lng": 27.6783597,
      "url": "https://www.meetup.com/aws-meetup-kuopio/"
    },
    {
      "name": "AWS User Group France- Côte d'Azur",
      "city": "France",
      "country": "France",
      "lat": 46.603354,
      "lng": 1.8883335,
      "url": "https://www.meetup.com/aws-user-group-france/"
    },
    {
      "name": "AWS User Group France- Montpellier",
      "city": "France",
      "country": "France",
      "lat": 46.603354,
      "lng": 1.8883335,
      "url": "https://www.meetup.com/aws-user-group-france/"
    },
    {
      "name": "AWS User Group France- Nantes",
      "city": "France",
      "country": "France",
      "lat": 46.603354,
      "lng": 1.8883335,
      "url": "https://www.meetup.com/aws-user-group-france/"
    },
    {
      "name": "AWS User Group France- Paris",
      "city": "France",
      "country": "France",
      "lat": 46.603354,
      "lng": 1.8883335,
      "url": "https://www.meetup.com/aws-user-group-france/"
    },
    {
      "name": "AWS User Group France Rennes",
      "city": "France Rennes",
      "country": "France",
      "lat": 48.1113387,
      "lng": -1.6800198,
      "url": "https://www.meetup.com/aws-user-group-france-rennes/"
    },
    {
      "name": "AWS User Group France- Toulouse",
      "city": "France",
      "country": "France",
      "lat": 46.603354,
      "lng": 1.8883335,
      "url": "https://www.meetup.com/aws-user-group-france/"
    },
    {
      "name": "AWS User Group Tbilisi",
      "city": "Tbilisi",
      "country": "Georgia",
      "lat": 41.6934591,
      "lng": 44.8014495,
      "url": "https://www.meetup.com/AWS-User-Group-Tbilisi/"
    },
    {
      "name": "AWS User Group Bergstrasse",
      "city": "Bergstrasse",
      "country": "Germany",
      "lat": 51.0297776,
      "lng": 13.7307127,
      "url": "https://www.meetup.com/aws-user-group-bergstrasse/"
    },
    {
      "name": "AWS User Group Bonn",
      "city": "Bonn",
      "country": "Germany",
      "lat": 50.7352621,
      "lng": 7.1024635,
      "url": "https://www.meetup.com/aws-bonn/"
    },
    {
      "name": "AWS User Group Braunschweig",
      "city": "Braunschweig",
      "country": "Germany",
      "lat": 52.2646577,
      "lng": 10.5236066,
      "url": "https://www.meetup.com/AWS-User-Group-Braunschweig2/"
    },
    {
      "name": "AWS User Group Dortmund",
      "city": "Dortmund",
      "country": "Germany",
      "lat": 51.5142273,
      "lng": 7.4652789,
      "url": "https://www.meetup.com/Dortmund-AWS-User-Group/"
    },
    {
      "name": "AWS User Group Hannover",
      "city": "Hannover",
      "country": "Germany",
      "lat": 52.3744779,
      "lng": 9.7385532,
      "url": "https://www.meetup.com/AWS-Usergroup-Hannover/"
    },
    {
      "name": "AWS User Group Karlsruhe",
      "city": "Karlsruhe",
      "country": "Germany",
      "lat": 49.0068705,
      "lng": 8.4034195,
      "url": "https://www.meetup.com/aws-meetup-karlsruhe/"
    },
    {
      "name": "AWS User Group Cologne",
      "city": "Cologne",
      "country": "Germany",
      "lat": 50.938361,
      "lng": 6.959974,
      "url": "https://www.meetup.com/aws-cologne/"
    },
    {
      "name": "AWS User Group Bodensee",
      "city": "Bodensee",
      "country": "Germany",
      "lat": 47.6477691,
      "lng": 9.3471796,
      "url": "https://www.meetup.com/aws-user-group-bodensee/"
    },
    {
      "name": "AWS User Group Munich",
      "city": "Munich",
      "country": "Germany",
      "lat": 48.1371079,
      "lng": 11.5753822,
      "url": "https://www.meetup.com/AWS-Munich/"
    },
    {
      "name": "AWS User Group Münsterland",
      "city": "Münsterland",
      "country": "Germany",
      "lat": 51.7311814,
      "lng": 7.9846317,
      "url": "https://www.meetup.com/aws-user-group-munsterland/"
    },
    {
      "name": "AWS User Group Lower Bavaria",
      "city": "Lower Bavaria",
      "country": "Germany",
      "lat": 48.6901497,
      "lng": 12.7476859,
      "url": "https://www.meetup.com/aws-user-group-lower-bavaria/"
    },
    {
      "name": "AWS User Group Stuttgart",
      "city": "Stuttgart",
      "country": "Germany",
      "lat": 48.7784485,
      "lng": 9.1800132,
      "url": "https://www.meetup.com/AWS-UserGroup-Stuttgart/"
    },
    {
      "name": "AWS User Group Saarbrücken",
      "city": "Saarbrücken",
      "country": "Germany",
      "lat": 49.234362,
      "lng": 6.996379,
      "url": "https://www.meetup.com/aws-user-group-saarbrucken/"
    },
    {
      "name": "AWS User Group Ulm/Neu-Ulm",
      "city": "Ulm/Neu",
      "country": "Germany",
      "lat": 48.3670244,
      "lng": 9.988852,
      "url": "https://www.meetup.com/aws-user-group-ulm-neu/"
    },
    {
      "name": "AWS User Group Athens",
      "city": "Athens",
      "country": "United States",
      "lat": 33.9597677,
      "lng": -83.376398,
      "url": "https://www.meetup.com/aws-user-group-athens/"
    },
    {
      "name": "AWS User Group Thessaloniki",
      "city": "Thessaloniki",
      "country": "Greece",
      "lat": 40.6403167,
      "lng": 22.9352716,
      "url": "https://www.meetup.com/aws-user-group-thessaloniki/"
    },
    {
      "name": "AWS User Group Chimaltemango",
      "city": "Chimaltemango",
      "country": "",
      "lat": null,
      "lng": null,
      "url": "https://www.meetup.com/aws-user-group-chimaltemango/"
    },
    {
      "name": "AWS User Group Escuintla",
      "city": "Escuintla",
      "country": "Guatemala",
      "lat": 14.1921288,
      "lng": -91.0263791,
      "url": "https://www.meetup.com/aws-user-group-escuintla/"
    },
    {
      "name": "AWS User Group Guastatoya",
      "city": "Guastatoya",
      "country": "Guatemala",
      "lat": 14.8514688,
      "lng": -90.0859762,
      "url": "https://www.meetup.com/aws-user-group-guastatoya/"
    },
    {
      "name": "AWS User Group Guatemala",
      "city": "Guatemala",
      "country": "Guatemala",
      "lat": 15.5855545,
      "lng": -90.345759,
      "url": "https://www.meetup.com/AWS-Guatemala/"
    },
    {
      "name": "AWS User Group Conakry",
      "city": "Conakry",
      "country": "Guinea",
      "lat": 9.5170602,
      "lng": -13.6998434,
      "url": "https://www.meetup.com/aws-user-group-conakry/"
    },
    {
      "name": "AWS User Group Hong Kong",
      "city": "Hong Kong",
      "country": "China",
      "lat": 22.350627,
      "lng": 114.1849161,
      "url": "https://www.meetup.com/hong-kong-amazon-aws-user-group/"
    },
    {
      "name": "AWS User Group Budapest CoP",
      "city": "Budapest CoP",
      "country": "",
      "lat": null,
      "lng": null,
      "url": "https://www.meetup.com/AWS-Budapest-CoP/"
    },
    {
      "name": "AWS User Group Hungary",
      "city": "Hungary",
      "country": "Hungary",
      "lat": 47.1817585,
      "lng": 19.5060937,
      "url": "https://www.meetup.com/aws-user-group-hungary/"
    },
    {
      "name": "AWS User Group Reykjavik",
      "city": "Reykjavik",
      "country": "Iceland",
      "lat": 64.145981,
      "lng": -21.9422367,
      "url": "https://www.meetup.com/aws-user-group-reykjavik/"
    },
    {
      "name": "AWS User Group Ahmedabad",
      "city": "Ahmedabad",
      "country": "India",
      "lat": 23.0215374,
      "lng": 72.5800568,
      "url": "https://www.meetup.com/Ahmedabad-Amazon-AWS-Cloud-Meetup/"
    },
    {
      "name": "AWS User Group Aurangabad",
      "city": "Aurangabad",
      "country": "India",
      "lat": 19.877263,
      "lng": 75.3390241,
      "url": "https://www.meetup.com/awsugaurangabad/"
    },
    {
      "name": "AWS User Group Bengaluru",
      "city": "Bengaluru",
      "country": "India",
      "lat": 12.9767936,
      "lng": 77.590082,
      "url": "https://www.meetup.com/aws-user-group-bengaluru/"
    },
    {
      "name": "AWS User Group Chennai",
      "city": "Chennai",
      "country": "India",
      "lat": 13.0836939,
      "lng": 80.270186,
      "url": "https://www.meetup.com/awsusergroup-chennai/"
    },
    {
      "name": "AWS User Group Coimbatore",
      "city": "Coimbatore",
      "country": "India",
      "lat": 11.0018115,
      "lng": 76.9628425,
      "url": "https://www.meetup.com/awsugcoimbatore/"
    },
    {
      "name": "AWS User Group Data Engineering India",
      "city": "Data Engineering India",
      "country": "Mauritius",
      "lat": -20.1906986,
      "lng": 57.4797525,
      "url": "https://www.meetup.com/aws-user-group-data-engineering-india/"
    },
    {
      "name": "AWS User Group Dehradun",
      "city": "Dehradun",
      "country": "India",
      "lat": 30.3255646,
      "lng": 78.0436813,
      "url": "https://www.meetup.com/aws-user-group-dehradun/"
    },
    {
      "name": "AWS User Group Delhi",
      "city": "Delhi",
      "country": "India",
      "lat": 28.6328027,
      "lng": 77.2197713,
      "url": "https://www.meetup.com/AmazonAWS-Delhi/"
    },
    {
      "name": "AWS User Group Hyderabad",
      "city": "Hyderabad",
      "country": "India",
      "lat": 17.360589,
      "lng": 78.4740613,
      "url": "https://www.meetup.com/aws-user-group-hyderabad/"
    },
    {
      "name": "AWS User Group Indore",
      "city": "Indore",
      "country": "India",
      "lat": 22.7203616,
      "lng": 75.8681996,
      "url": "https://www.meetup.com/aws-user-group-indore/"
    },
    {
      "name": "AWS User Group Jaipur",
      "city": "Jaipur",
      "country": "India",
      "lat": 26.9154576,
      "lng": 75.8189817,
      "url": "https://www.meetup.com/awsugjaipur/"
    },
    {
      "name": "AWS User Group Kochi",
      "city": "Kochi",
      "country": "India",
      "lat": 9.9679032,
      "lng": 76.2444378,
      "url": "https://www.meetup.com/awsugkochi/"
    },
    {
      "name": "AWS User Group Kolkata",
      "city": "Kolkata",
      "country": "India",
      "lat": 22.5726459,
      "lng": 88.3638953,
      "url": "https://www.meetup.com/aws-user-group-kolkata/"
    },
    {
      "name": "AWS User Group Madurai",
      "city": "Madurai",
      "country": "India",
      "lat": 9.9261153,
      "lng": 78.1140983,
      "url": "https://www.meetup.com/aws-user-group-madurai/"
    },
    {
      "name": "AWS User Group Mumbai",
      "city": "Mumbai",
      "country": "India",
      "lat": 19.054999,
      "lng": 72.8692035,
      "url": "https://www.meetup.com/aws-user-group-mumbai/"
    },
    {
      "name": "AWS User Group Nashik",
      "city": "Nashik",
      "country": "India",
      "lat": 20.0112475,
      "lng": 73.7902364,
      "url": "https://www.meetup.com/aws-user-group-nashik/"
    },
    {
      "name": "AWS User Group Pune",
      "city": "Pune",
      "country": "India",
      "lat": 18.5213738,
      "lng": 73.8545071,
      "url": "https://www.meetup.com/aws-user-group-pune/"
    },
    {
      "name": "AWS User Group Punjab",
      "city": "Punjab",
      "country": "India",
      "lat": 30.9293211,
      "lng": 75.5004841,
      "url": "https://www.meetup.com/aws-user-group-punjab/"
    },
    {
      "name": "AWS User Group Rajkot",
      "city": "Rajkot",
      "country": "India",
      "lat": 22.3053263,
      "lng": 70.8028377,
      "url": "https://www.meetup.com/aws-user-group-rajkot/"
    },
    {
      "name": "AWS User Group Surat",
      "city": "Surat",
      "country": "India",
      "lat": 21.2094892,
      "lng": 72.8317058,
      "url": "https://www.meetup.com/surat-aws-user-group/"
    },
    {
      "name": "AWS User Group Tirupati",
      "city": "Tirupati",
      "country": "India",
      "lat": 13.6316368,
      "lng": 79.4231711,
      "url": "https://www.meetup.com/aws-user-group-tirupati/"
    },
    {
      "name": "AWS User Group Trivandrum",
      "city": "Trivandrum",
      "country": "India",
      "lat": 8.4882267,
      "lng": 76.947551,
      "url": "https://www.meetup.com/aws-user-group-trivandrum/"
    },
    {
      "name": "AWS User Group Vadodara",
      "city": "Vadodara",
      "country": "India",
      "lat": 22.2973142,
      "lng": 73.1942567,
      "url": "https://www.meetup.com/AWS-Community-Vadodara/"
    },
    {
      "name": "AWS User Group Women in Tech India",
      "city": "Women in Tech India",
      "country": "",
      "lat": null,
      "lng": null,
      "url": "https://www.meetup.com/aws-user-group-women-in-tech-india/"
    },
    {
      "name": "AWS User Group Kanpur",
      "city": "Kanpur",
      "country": "India",
      "lat": 26.4609135,
      "lng": 80.3217588,
      "url": "https://www.meetup.com/aws-user-group-kanpur/"
    },
    {
      "name": "AWS User Group Udaipur",
      "city": "Udaipur",
      "country": "India",
      "lat": 24.578721,
      "lng": 73.6862571,
      "url": "https://www.meetup.com/aws-user-group-udaipur/"
    },
    {
      "name": "AWS User Group Nagpur",
      "city": "Nagpur",
      "country": "India",
      "lat": 21.1498134,
      "lng": 79.0820556,
      "url": "https://www.meetup.com/aws-user-group-nagpur/"
    },
    {
      "name": "AWS User Group Jakarta",
      "city": "Jakarta",
      "country": "Indonesia",
      "lat": -6.1754049,
      "lng": 106.827168,
      "url": "https://www.meetup.com/aws-user-group-jakarta/"
    },
    {
      "name": "AWS User Group Surabaya",
      "city": "Surabaya",
      "country": "Indonesia",
      "lat": -7.2462836,
      "lng": 112.7377674,
      "url": "https://www.meetup.com/AWS-User-Group-Surabaya/"
    },
    {
      "name": "AWS User Group Medan",
      "city": "Medan",
      "country": "Indonesia",
      "lat": 3.5894617,
      "lng": 98.6741623,
      "url": "https://www.meetup.com/AWS-User-Group-Medan/"
    },
    {
      "name": "AWS User Group Malang",
      "city": "Malang",
      "country": "Indonesia",
      "lat": -7.9771308,
      "lng": 112.6340265,
      "url": "https://www.meetup.com/aws-user-group-malang/"
    },
    {
      "name": "AWS User Group Cork",
      "city": "Cork",
      "country": "Ireland",
      "lat": 51.8985136,
      "lng": -8.4726423,
      "url": "https://www.meetup.com/AWS-Usergroup-Cork/"
    },
    {
      "name": "AWS User Group Dublin",
      "city": "Dublin",
      "country": "Ireland",
      "lat": 53.3493795,
      "lng": -6.2605593,
      "url": "https://www.meetup.com/aws-user-group-dublin/"
    },
    {
      "name": "AWS User Group Bari",
      "city": "Bari",
      "country": "Italy",
      "lat": 41.1257843,
      "lng": 16.8620293,
      "url": "https://www.meetup.com/AWS-User-Group-Bari/"
    },
    {
      "name": "AWS User Group Caserta",
      "city": "Caserta",
      "country": "Italy",
      "lat": 41.2035193,
      "lng": 14.1168624,
      "url": "https://www.meetup.com/AWS-User-Group-Caserta/"
    },
    {
      "name": "AWS User Group Catania",
      "city": "Catania",
      "country": "Italy",
      "lat": 37.5023612,
      "lng": 15.0873718,
      "url": "https://www.meetup.com/AWS-User-Group-Catania/"
    },
    {
      "name": "AWS User Group Calabria",
      "city": "Calabria",
      "country": "Italy",
      "lat": 39.0565974,
      "lng": 16.5249864,
      "url": "https://www.meetup.com/AWSusergroupCalabria/"
    },
    {
      "name": "AWS User Group Cremona",
      "city": "Cremona",
      "country": "Italy",
      "lat": 45.2208641,
      "lng": 10.037038,
      "url": "https://www.meetup.com/AWS-User-Group-Cremona/"
    },
    {
      "name": "AWS User Group Cuneo",
      "city": "Cuneo",
      "country": "Italy",
      "lat": 44.4580704,
      "lng": 7.5581367,
      "url": "https://www.meetup.com/aws-cuneo/"
    },
    {
      "name": "AWS User Group Genova",
      "city": "Genova",
      "country": "Italy",
      "lat": 44.40726,
      "lng": 8.9338624,
      "url": "https://www.meetup.com/aws-user-group-genova/"
    },
    {
      "name": "AWS User Group Milano",
      "city": "Milano",
      "country": "Italy",
      "lat": 45.4641943,
      "lng": 9.1896346,
      "url": "https://www.meetup.com/aws-user-group-milano/"
    },
    {
      "name": "AWS User Group Napoli",
      "city": "Napoli",
      "country": "Italy",
      "lat": 40.8358846,
      "lng": 14.2487679,
      "url": "https://www.meetup.com/AWS-User-Group-Napoli/"
    },
    {
      "name": "AWS User Group Salento",
      "city": "Salento",
      "country": "Italy",
      "lat": 40.248604,
      "lng": 15.190058,
      "url": "https://www.meetup.com/it-IT/aws-user-group-salento/"
    },
    {
      "name": "AWS User Group Salerno",
      "city": "Salerno",
      "country": "Italy",
      "lat": 40.4194417,
      "lng": 15.3106085,
      "url": "https://www.meetup.com/aws-user-group-salerno/"
    },
    {
      "name": "AWS User Group Roma",
      "city": "Roma",
      "country": "Italy",
      "lat": 41.8933203,
      "lng": 12.4829321,
      "url": "https://www.meetup.com/aws-user-group-roma/"
    },
    {
      "name": "AWS User Group Pavia",
      "city": "Pavia",
      "country": "Italy",
      "lat": 45.0368547,
      "lng": 9.1378251,
      "url": "https://www.meetup.com/awsusergrouppavia/"
    },
    {
      "name": "AWS User Group Torino",
      "city": "Torino",
      "country": "Italy",
      "lat": 45.0677551,
      "lng": 7.6824892,
      "url": "https://www.meetup.com/it-IT/aws-user-group-torino/"
    },
    {
      "name": "AWS User Group Venezia",
      "city": "Venezia",
      "country": "Italy",
      "lat": 45.4371908,
      "lng": 12.3345898,
      "url": "https://www.meetup.com/aws-user-group-venezia/"
    },
    {
      "name": "AWS User Group Padova",
      "city": "Padova",
      "country": "Italy",
      "lat": 45.391408,
      "lng": 11.8058487,
      "url": "https://www.meetup.com/aws-user-group-padova/"
    },
    {
      "name": "AWS User Group Basilicata",
      "city": "Basilicata",
      "country": "Italy",
      "lat": 40.500571,
      "lng": 16.081953,
      "url": "https://www.meetup.com/it-IT/aws-user-group-basilicata/"
    },
    {
      "name": "AWS User Group Sardegna",
      "city": "Sardegna",
      "country": "Italy",
      "lat": 40.0912813,
      "lng": 9.0305773,
      "url": "https://www.meetup.com/aws-user-group-sardegna/"
    },
    {
      "name": "AWS User Group - Bologna",
      "city": "",
      "country": "",
      "lat": null,
      "lng": null,
      "url": "https://www.meetup.com/aws-user-group-/"
    },
    {
      "name": "AWS User Group Abidjan",
      "city": "Abidjan",
      "country": "Ivory Coast",
      "lat": 5.320357,
      "lng": -4.016107,
      "url": "https://www.meetup.com/groupe-meetup-abidjan-amazon-web-services/"
    },
    {
      "name": "AWS User Group Jamaica",
      "city": "Jamaica",
      "country": "Jamaica",
      "lat": 18.1850507,
      "lng": -77.3947693,
      "url": "https://www.meetup.com/aws-user-group-jamaica/"
    },
    {
      "name": "AWS User Group Almaty",
      "city": "Almaty",
      "country": "Kazakhstan",
      "lat": 43.2363924,
      "lng": 76.9457275,
      "url": "https://www.meetup.com/aws-user-group-almaty/"
    },
    {
      "name": "AWS User Group Astana",
      "city": "Astana",
      "country": "Kazakhstan",
      "lat": 51.1282205,
      "lng": 71.4306682,
      "url": "https://www.meetup.com/aws-user-group-astana/"
    },
    {
      "name": "AWS User Group Kenya",
      "city": "Kenya",
      "country": "Kenya",
      "lat": 1.4419683,
      "lng": 38.4313975,
      "url": "https://www.meetup.com/aws-user-group-ai-ml-kenya/"
    },
    {
      "name": "AWS User Group Pwani",
      "city": "Pwani",
      "country": "Tanzania",
      "lat": -7.1160874,
      "lng": 38.7300111,
      "url": "https://www.meetup.com/awsugpwani/"
    },
    {
      "name": "AWS User Group AI ML Kenya",
      "city": "AI ML Kenya",
      "country": "Kenya",
      "lat": 0.5151923,
      "lng": 35.2888236,
      "url": "https://www.meetup.com/aws-user-group-ai-ml-kenya/"
    },
    {
      "name": "AWS User Group Kosovo",
      "city": "Kosovo",
      "country": "Kosovo",
      "lat": 42.5869578,
      "lng": 20.9021231,
      "url": "https://www.meetup.com/aws-user-group-kosovo/"
    },
    {
      "name": "AWS User Group Kyrgyzstan",
      "city": "Kyrgyzstan",
      "country": "Kyrgyzstan",
      "lat": 41.5089324,
      "lng": 74.724091,
      "url": "https://www.meetup.com/aws-user-group-kyrgyzstan/"
    },
    {
      "name": "AWS User Group Riga (Latvia)",
      "city": "Riga (Latvia)",
      "country": "Latvia",
      "lat": 56.9493977,
      "lng": 24.1051846,
      "url": "https://www.meetup.com/aws-user-group-riga-latvia/"
    },
    {
      "name": "AWS User Group Lebanon",
      "city": "Lebanon",
      "country": "Lebanon",
      "lat": 33.8750629,
      "lng": 35.843409,
      "url": "https://www.meetup.com/aws-user-group-lebanon/"
    },
    {
      "name": "AWS User Group Liberia",
      "city": "Liberia",
      "country": "Liberia",
      "lat": 5.7499721,
      "lng": -9.3658524,
      "url": "https://www.meetup.com/aws-liberia/"
    },
    {
      "name": "AWS User Group Luxembourg",
      "city": "Luxembourg",
      "country": "Luxembourg",
      "lat": 49.8158683,
      "lng": 6.1296751,
      "url": "https://www.meetup.com/aws-user-group-luxembourg/"
    },
    {
      "name": "AWS User Group Macedonia",
      "city": "Macedonia",
      "country": "United States",
      "lat": 41.1927739,
      "lng": -95.4256198,
      "url": "https://www.meetup.com/aws-user-group-macedonia/"
    },
    {
      "name": "AWS User Group Kuala Lumpur",
      "city": "Kuala Lumpur",
      "country": "Malaysia",
      "lat": 3.1526589,
      "lng": 101.7022205,
      "url": "https://www.meetup.com/aws-user-group-kuala-lumpur/"
    },
    {
      "name": "AWS User Group Bamako",
      "city": "Bamako",
      "country": "Mali",
      "lat": 12.649319,
      "lng": -8.000337,
      "url": "https://www.meetup.com/aws-user-group-bamako/"
    },
    {
      "name": "AWS User Group Malta",
      "city": "Malta",
      "country": "Malta",
      "lat": 35.8885993,
      "lng": 14.4476911,
      "url": "https://www.meetup.com/AWS-User-Group-Malta/"
    },
    {
      "name": "AWS User Group Ajolotes en la Nube",
      "city": "Ajolotes en la Nube",
      "country": "",
      "lat": null,
      "lng": null,
      "url": "https://www.meetup.com/aws-user-group-ajolotes-en-la-nube/"
    },
    {
      "name": "AWS User Group Emabajadoras Cloud",
      "city": "Emabajadoras Cloud",
      "country": "",
      "lat": null,
      "lng": null,
      "url": "https://www.meetup.com/aws-user-group-emabajadoras-cloud/"
    },
    {
      "name": "AWS User Group Ensenada",
      "city": "Ensenada",
      "country": "Mexico",
      "lat": 31.8658887,
      "lng": -116.602983,
      "url": "https://www.meetup.com/aws-user-group-ensenada"
    },
    {
      "name": "AWS User Group Hermosillo",
      "city": "Hermosillo",
      "country": "Mexico",
      "lat": 29.0948207,
      "lng": -110.9692202,
      "url": "https://www.meetup.com/aws-user-group-hermosillo/"
    },
    {
      "name": "AWS User Group Jalisco",
      "city": "Jalisco",
      "country": "Mexico",
      "lat": 20.3333331,
      "lng": -103.6666671,
      "url": "https://www.meetup.com/Amazon-Web-Services-Jalisco/"
    },
    {
      "name": "AWS User Group León",
      "city": "León",
      "country": "France",
      "lat": 45.7578137,
      "lng": 4.8320114,
      "url": "https://www.meetup.com/aws-user-group-leon/"
    },
    {
      "name": "AWS User Group Mexicali",
      "city": "Mexicali",
      "country": "Mexico",
      "lat": 32.6382895,
      "lng": -115.4788103,
      "url": "https://www.meetup.com/aws-user-group-mexicali"
    },
    {
      "name": "AWS User Group Mixtli Cholula",
      "city": "Mixtli Cholula",
      "country": "",
      "lat": null,
      "lng": null,
      "url": "https://www.meetup.com/aws-user-group-mixtli-cholula/"
    },
    {
      "name": "AWS User Group Monterrey",
      "city": "Monterrey",
      "country": "Mexico",
      "lat": 25.6802019,
      "lng": -100.315258,
      "url": "https://www.meetup.com/AWS-User-Group-Monterrey/"
    },
    {
      "name": "AWS User Group Mérida",
      "city": "Mérida",
      "country": "Spain",
      "lat": 38.9543062,
      "lng": -6.3504832,
      "url": "https://www.meetup.com/aws-user-group-merida/"
    },
    {
      "name": "AWS User Group Orizaba",
      "city": "Orizaba",
      "country": "Mexico",
      "lat": 18.8497366,
      "lng": -97.1060062,
      "url": "https://www.meetup.com/aws-user-group-orizaba"
    },
    {
      "name": "AWS User Group Puebla",
      "city": "Puebla",
      "country": "Mexico",
      "lat": 18.833333,
      "lng": -98,
      "url": "https://www.meetup.com/awspuebla/"
    },
    {
      "name": "AWS User Group Queretaro",
      "city": "Queretaro",
      "country": "Mexico",
      "lat": 20.8052225,
      "lng": -99.8837376,
      "url": "https://www.meetup.com/Amazon-Web-Services-Queretaro/"
    },
    {
      "name": "AWS User Group Saltillo",
      "city": "Saltillo",
      "country": "Mexico",
      "lat": 25.4230425,
      "lng": -100.9927509,
      "url": "https://www.meetup.com/aws-user-group-saltillo"
    },
    {
      "name": "AWS User Group San Luis Potosí",
      "city": "San Luis Potosí",
      "country": "Mexico",
      "lat": 22.5000001,
      "lng": -100.4949145,
      "url": "https://www.meetup.com/aws-user-group-san-luis-potosi/"
    },
    {
      "name": "AWS User Group Tijuana",
      "city": "Tijuana",
      "country": "Mexico",
      "lat": 32.5317397,
      "lng": -117.019529,
      "url": "https://www.meetup.com/aws-user-group-tijuana/"
    },
    {
      "name": "AWS User Group Villahermosa",
      "city": "Villahermosa",
      "country": "Mexico",
      "lat": 17.9884657,
      "lng": -92.9366326,
      "url": "https://www.meetup.com/aws-ug-villahermosa"
    },
    {
      "name": "AWS User Group Chihuahua",
      "city": "Chihuahua",
      "country": "Mexico",
      "lat": 28.5000001,
      "lng": -106.0000001,
      "url": "https://www.meetup.com/aws-user-group-chihuahua/"
    },
    {
      "name": "AWS User Group Morelos",
      "city": "Morelos",
      "country": "Mexico",
      "lat": 18.75,
      "lng": -99,
      "url": "https://www.meetup.com/aws-ug-morelos/"
    },
    {
      "name": "AWS User Group Moldova",
      "city": "Moldova",
      "country": "Moldova",
      "lat": 47.2879608,
      "lng": 28.5670941,
      "url": "https://www.meetup.com/aws-user-group-moldova/"
    },
    {
      "name": "AWS User Group Mongolia",
      "city": "Mongolia",
      "country": "Mongolia",
      "lat": 46.8250388,
      "lng": 103.8499736,
      "url": "https://www.meetup.com/aws-user-group-mongolia/"
    },
    {
      "name": "AWS User Group Montenegro",
      "city": "Montenegro",
      "country": "Montenegro",
      "lat": 42.7755624,
      "lng": 19.2022423,
      "url": "https://www.meetup.com/aws-ug-montenegro/"
    },
    {
      "name": "AWS User Group Casablanca",
      "city": "Casablanca",
      "country": "Morocco",
      "lat": 33.5945144,
      "lng": -7.6200284,
      "url": "https://www.meetup.com/aws-user-group-casablanca/"
    },
    {
      "name": "AWS User Group Maputo",
      "city": "Maputo",
      "country": "Mozambique",
      "lat": -25.966213,
      "lng": 32.56745,
      "url": "https://www.meetup.com/aws-maputo/"
    },
    {
      "name": "AWS User Group Myanmar",
      "city": "Myanmar",
      "country": "Myanmar",
      "lat": 17.1750495,
      "lng": 95.9999652,
      "url": "https://www.meetup.com/aws-user-group-myanmar/"
    },
    {
      "name": "AWS User Group Windhoek",
      "city": "Windhoek",
      "country": "Namibia",
      "lat": -22.5335601,
      "lng": 17.0454775,
      "url": "https://www.linkedin.com/company/aws-user-group-windhoek"
    },
    {
      "name": "AWS User Group Nepal",
      "city": "Nepal",
      "country": "Nepal",
      "lat": 28.3780464,
      "lng": 83.9999901,
      "url": "https://www.meetup.com/Amazon-Web-Services-AWS-User-Group-Nepal/"
    },
    {
      "name": "AWS User Group Women in Tech Nepal",
      "city": "Women in Tech Nepal",
      "country": "",
      "lat": null,
      "lng": null,
      "url": "https://www.meetup.com/aws-user-group-women-in-tech-nepal/"
    },
    {
      "name": "AWS User Group The Netherlands",
      "city": "The Netherlands",
      "country": "Netherlands",
      "lat": 52.2434979,
      "lng": 5.6343227,
      "url": "https://www.meetup.com/aws-user-group-the-netherlands/"
    },
    {
      "name": "AWS User Group Aotearoa (NZ) - Christchurch Chapter",
      "city": "Aotearoa (NZ)",
      "country": "New Zealand",
      "lat": -41.5000831,
      "lng": 172.8344077,
      "url": "https://www.meetup.com/aws-user-group-aotearoa-nz/"
    },
    {
      "name": "AWS User Group Aotearoa (NZ) - Wellington Chapter",
      "city": "Aotearoa (NZ)",
      "country": "New Zealand",
      "lat": -41.5000831,
      "lng": 172.8344077,
      "url": "https://www.meetup.com/aws-user-group-aotearoa-nz/"
    },
    {
      "name": "AWS User Group Niger",
      "city": "Niger",
      "country": "Niger",
      "lat": 17.7356214,
      "lng": 9.3238432,
      "url": "https://www.meetup.com/aws-user-goup-niger/"
    },
    {
      "name": "AWS User Group Bergen (Norway)",
      "city": "Bergen (Norway)",
      "country": "Norway",
      "lat": 60.3943055,
      "lng": 5.3259192,
      "url": "https://www.meetup.com/aws-user-group-bergen-norway/"
    },
    {
      "name": "AWS User Group Oslo (Norway)",
      "city": "Oslo (Norway)",
      "country": "Norway",
      "lat": 59.9133301,
      "lng": 10.7389701,
      "url": "https://www.meetup.com/aws-user-group-oslo-norway/"
    },
    {
      "name": "AWS User Group Stavanger",
      "city": "Stavanger",
      "country": "Norway",
      "lat": 58.9699675,
      "lng": 5.7318101,
      "url": "https://www.meetup.com/AWS-User-Group-Stavanger/"
    },
    {
      "name": "AWS User Group Trondheim (Norway)",
      "city": "Trondheim (Norway)",
      "country": "Norway",
      "lat": 63.4304475,
      "lng": 10.3952118,
      "url": "https://www.meetup.com/aws-user-group-trondheim-norway/"
    },
    {
      "name": "AWS User Group Innlandet",
      "city": "Innlandet",
      "country": "Norway",
      "lat": 61.2681055,
      "lng": 10.4854547,
      "url": "https://www.meetup.com/aws-user-group-innlandet-norway/"
    },
    {
      "name": "AWS User Group Pakistan",
      "city": "Pakistan",
      "country": "Pakistan",
      "lat": 30.3308401,
      "lng": 71.247499,
      "url": "https://www.meetup.com/aws-user-group-pakistan/"
    },
    {
      "name": "AWS User Group Islamabad",
      "city": "Islamabad",
      "country": "Pakistan",
      "lat": 33.6938118,
      "lng": 73.0651511,
      "url": "https://www.meetup.com/aws-user-group-islamabad/"
    },
    {
      "name": "AWS User Group Karachi",
      "city": "Karachi",
      "country": "Pakistan",
      "lat": 24.8546842,
      "lng": 67.0207055,
      "url": "https://www.meetup.com/aws-ug-karachi/"
    },
    {
      "name": "AWS User Group Women in Tech Lahore",
      "city": "Women in Tech Lahore",
      "country": "",
      "lat": null,
      "lng": null,
      "url": "https://www.meetup.com/aws-user-group-women-in-tech-lahore/"
    },
    {
      "name": "AWS User Group Palestine",
      "city": "Palestine",
      "country": "United States",
      "lat": 31.7621153,
      "lng": -95.6307891,
      "url": "https://www.meetup.com/aws-palestine/"
    },
    {
      "name": "AWS User Group Chiriquí",
      "city": "Chiriquí",
      "country": "Panama",
      "lat": 8.0549566,
      "lng": -82.2714778,
      "url": "https://www.meetup.com/aws-user-group-chiriqui/"
    },
    {
      "name": "AWS User Group Panamá",
      "city": "Panamá",
      "country": "Panama",
      "lat": 8.843273,
      "lng": -79.7053673,
      "url": "https://www.meetup.com/aws-user-group-panama/"
    },
    {
      "name": "AWS User Group Paraguay",
      "city": "Paraguay",
      "country": "Paraguay",
      "lat": -23.3165935,
      "lng": -58.1693445,
      "url": "https://www.meetup.com/aws-ug-paraguay"
    },
    {
      "name": "AWS User Group Girls Peru",
      "city": "Girls Peru",
      "country": "Peru",
      "lat": -16.4005993,
      "lng": -71.5314185,
      "url": "https://www.meetup.com/aws-girls-peru/"
    },
    {
      "name": "AWS User Group Machine Learning LATAM",
      "city": "Machine Learning LATAM",
      "country": "",
      "lat": null,
      "lng": null,
      "url": "https://www.meetup.com/aws-ug-machine-learning-latam/"
    },
    {
      "name": "AWS User Group Perú",
      "city": "Perú",
      "country": "Peru",
      "lat": -6.8699697,
      "lng": -75.0458515,
      "url": "https://www.meetup.com/aws-user-group-peru/"
    },
    {
      "name": "AWS User Group Security LATAM",
      "city": "Security LATAM",
      "country": "",
      "lat": null,
      "lng": null,
      "url": "https://www.meetup.com/aws-user-group-security-latam/"
    },
    {
      "name": "AWS User Group Tacna",
      "city": "Tacna",
      "country": "Peru",
      "lat": -18.01386,
      "lng": -70.2511032,
      "url": "https://www.meetup.com/aws-user-group-tacna"
    },
    {
      "name": "AWS User Group Trujillo",
      "city": "Trujillo",
      "country": "Peru",
      "lat": -8.1116778,
      "lng": -79.0287742,
      "url": "https://www.meetup.com/es/aws-ug-trujillo/"
    },
    {
      "name": "AWS User Group BuildHers+",
      "city": "BuildHers+",
      "country": "",
      "lat": null,
      "lng": null,
      "url": "https://www.meetup.com/aws-user-group-buildhers/"
    },
    {
      "name": "AWS User Group Cebu",
      "city": "Cebu",
      "country": "Philippines",
      "lat": 10.47,
      "lng": 123.83,
      "url": "https://www.meetup.com/aws-user-group-cebu/"
    },
    {
      "name": "AWS User Group Mega Manila",
      "city": "Mega Manila",
      "country": "Philippines",
      "lat": 14.6006571,
      "lng": 120.9780977,
      "url": "https://www.meetup.com/aws-user-group-mega-manila/"
    },
    {
      "name": "AWS User Group Davao",
      "city": "Davao",
      "country": "Philippines",
      "lat": 7.0648306,
      "lng": 125.6080623,
      "url": "https://www.meetup.com/AWS-Davao/"
    },
    {
      "name": "AWS User Group Northern Luzon",
      "city": "Northern Luzon",
      "country": "Philippines",
      "lat": 14.771513,
      "lng": 121.0705719,
      "url": "https://www.meetup.com/AWSUG-PH-Pampanga-Northern-Luzon/"
    },
    {
      "name": "AWS User Group Western Visayas",
      "city": "Western Visayas",
      "country": "Philippines",
      "lat": 11.2367325,
      "lng": 122.6878187,
      "url": "https://www.meetup.com/AWS-Usergroup-PH-Western-Visayas/"
    },
    {
      "name": "AWS User Group Poland",
      "city": "Poland",
      "country": "Poland",
      "lat": 52.215933,
      "lng": 19.134422,
      "url": "https://www.meetup.com/aws-user-group-poland/"
    },
    {
      "name": "AWS User Group Krakow",
      "city": "Krakow",
      "country": "Poland",
      "lat": 50.0469432,
      "lng": 19.9971534,
      "url": "https://www.meetup.com/AWS-User-Group-Krakow/"
    },
    {
      "name": "AWS User Group Łódź",
      "city": "Łódź",
      "country": "Poland",
      "lat": 51.7687323,
      "lng": 19.4569911,
      "url": "https://www.meetup.com/aws-user-group-odz/"
    },
    {
      "name": "AWS User Group Lublin",
      "city": "Lublin",
      "country": "Poland",
      "lat": 51.2181945,
      "lng": 22.5546776,
      "url": "https://www.meetup.com/aws-user-group-lublin/"
    },
    {
      "name": "AWS User Group 3City",
      "city": "3City",
      "country": "Poland",
      "lat": 54.3521479,
      "lng": 18.6470682,
      "url": "https://www.meetup.com/aws-user-group-3city/"
    },
    {
      "name": "AWS User Group Silesia",
      "city": "Silesia",
      "country": "United States",
      "lat": 45.5564801,
      "lng": -108.8413108,
      "url": "https://www.meetup.com/pl-PL/aws-user-group-silesia/"
    },
    {
      "name": "AWS User Group Warsaw",
      "city": "Warsaw",
      "country": "Poland",
      "lat": 52.2333742,
      "lng": 21.0711489,
      "url": "https://www.meetup.com/pl-PL/aws-user-group-warsaw/"
    },
    {
      "name": "AWS User Group Wroclaw",
      "city": "Wroclaw",
      "country": "Poland",
      "lat": 51.1089776,
      "lng": 17.0326689,
      "url": "https://www.meetup.com/pl-PL/aws-ug-wroclaw/"
    },
    {
      "name": "AWS User Group Olsztyn",
      "city": "Olsztyn",
      "country": "Poland",
      "lat": 53.776644,
      "lng": 20.4777531,
      "url": "https://www.meetup.com/aws-user-group-olsztyn/"
    },
    {
      "name": "AWS User Group Białystok",
      "city": "Białystok",
      "country": "Poland",
      "lat": 53.1275051,
      "lng": 23.1470509,
      "url": "https://www.meetup.com/aws-user-group-bia-ystok/"
    },
    {
      "name": "AWS User Group Rzeszow",
      "city": "Rzeszow",
      "country": "Poland",
      "lat": 50.0374531,
      "lng": 22.0047174,
      "url": "https://www.meetup.com/aws-user-group-rzeszow/"
    },
    {
      "name": "AWS User Group Lisbon",
      "city": "Lisbon",
      "country": "Portugal",
      "lat": 38.7077507,
      "lng": -9.1365919,
      "url": "https://www.meetup.com/AWS-User-Group-Lisbon/"
    },
    {
      "name": "AWS User Group Castelo Branco & Beira Baixa",
      "city": "Castelo Branco & Beira Baixa",
      "country": "Portugal",
      "lat": 39.9427162,
      "lng": -7.5783935,
      "url": "https://www.meetup.com/aws-user-group-castelo-branco-beira-baixa/"
    },
    {
      "name": "AWS User Group Puerto Rico",
      "city": "Puerto Rico",
      "country": "United States",
      "lat": 18.2247706,
      "lng": -66.4858295,
      "url": "https://www.meetup.com/amazon-web-services-puerto-rico-user-group/"
    },
    {
      "name": "AWS User Group Qatar",
      "city": "Qatar",
      "country": "Qatar",
      "lat": 25.3336984,
      "lng": 51.2295295,
      "url": "https://www.meetup.com/aws-user-group-qatar/"
    },
    {
      "name": "AWS User Group Timisoara",
      "city": "Timisoara",
      "country": "Romania",
      "lat": 45.7538355,
      "lng": 21.2257474,
      "url": "https://www.meetup.com/aws-timisoara"
    },
    {
      "name": "AWS User Group Kigali",
      "city": "Kigali",
      "country": "Rwanda",
      "lat": -1.8859597,
      "lng": 30.1296751,
      "url": "https://www.meetup.com/aws-user-group-kigali/"
    },
    {
      "name": "AWS User Group Dakar",
      "city": "Dakar",
      "country": "Senegal",
      "lat": 14.693425,
      "lng": -17.447938,
      "url": "https://www.meetup.com/aws-user-group-dakar/"
    },
    {
      "name": "AWS User Group Belgrade",
      "city": "Belgrade",
      "country": "Serbia",
      "lat": 44.8153318,
      "lng": 20.4456588,
      "url": "https://www.meetup.com/AWSUGBelgrade/"
    },
    {
      "name": "AWS User Group Novi Sad",
      "city": "Novi Sad",
      "country": "Serbia",
      "lat": 45.2551338,
      "lng": 19.8451756,
      "url": "https://www.meetup.com/aws-user-group-novi-sad/"
    },
    {
      "name": "AWS User Group Zrenjanin",
      "city": "Zrenjanin",
      "country": "Serbia",
      "lat": 45.3802683,
      "lng": 20.3907614,
      "url": "https://www.meetup.com/aws-user-group-zrenjanin/"
    },
    {
      "name": "AWS User Group Singapore",
      "city": "Singapore",
      "country": "Singapore",
      "lat": 1.357107,
      "lng": 103.8194992,
      "url": "https://www.meetup.com/aws-user-group-singapore/"
    },
    {
      "name": "AWS User Group Kosice",
      "city": "Kosice",
      "country": "Czech Republic",
      "lat": 50.1797445,
      "lng": 15.5349958,
      "url": "https://www.meetup.com/aws-user-group-kosice/"
    },
    {
      "name": "AWS User Group Bratislava",
      "city": "Bratislava",
      "country": "Slovakia",
      "lat": 48.1516988,
      "lng": 17.1093063,
      "url": "https://www.meetup.com/aws-user-group-bratislava/"
    },
    {
      "name": "AWS User Group Ljubljana",
      "city": "Ljubljana",
      "country": "Slovenia",
      "lat": 46.0500268,
      "lng": 14.5069289,
      "url": "https://www.meetup.com/AWS-User-Group-Ljubljana/"
    },
    {
      "name": "AWS User Group Cape Town",
      "city": "Cape Town",
      "country": "South Africa",
      "lat": -33.9288301,
      "lng": 18.4172197,
      "url": "https://www.meetup.com/Cape-Town-AWS/"
    },
    {
      "name": "AWS User Group Asturias",
      "city": "Asturias",
      "country": "Spain",
      "lat": 43.3133868,
      "lng": -5.94192,
      "url": "https://www.meetup.com/aws-user-group-asturias/"
    },
    {
      "name": "AWS User Group Alicante",
      "city": "Alicante",
      "country": "Spain",
      "lat": 38.3436365,
      "lng": -0.4881708,
      "url": "https://www.meetup.com/aws-user-group-alicante/"
    },
    {
      "name": "AWS User Group Malaga",
      "city": "Malaga",
      "country": "Spain",
      "lat": 36.7213028,
      "lng": -4.4216366,
      "url": "https://www.meetup.com/es-ES/aws-user-group-malaga/"
    },
    {
      "name": "AWS User Group Palma",
      "city": "Palma",
      "country": "Spain",
      "lat": 39.5812525,
      "lng": 2.7092683,
      "url": "https://www.meetup.com/aws-las-palmas-user-group/"
    },
    {
      "name": "AWS User Group Sevilla",
      "city": "Sevilla",
      "country": "Spain",
      "lat": 37.3886303,
      "lng": -5.9953403,
      "url": "https://www.meetup.com/es-ES/aws-user-group-sevilla/"
    },
    {
      "name": "AWS User Group Valencia",
      "city": "Valencia",
      "country": "Spain",
      "lat": 39.4697065,
      "lng": -0.3763353,
      "url": "https://www.meetup.com/AWS-Valencia/"
    },
    {
      "name": "AWS User Group Colombo",
      "city": "Colombo",
      "country": "Sri Lanka",
      "lat": 6.9388614,
      "lng": 79.8542005,
      "url": "https://www.meetup.com/aws-user-group-colombo/"
    },
    {
      "name": "AWS User Group Gothenburg",
      "city": "Gothenburg",
      "country": "Sweden",
      "lat": 57.7072326,
      "lng": 11.9670171,
      "url": "https://www.meetup.com/AWS_user_group_Gothenburg/"
    },
    {
      "name": "AWS User Group Jönköping",
      "city": "Jönköping",
      "country": "Sweden",
      "lat": 57.7825634,
      "lng": 14.165719,
      "url": "https://www.meetup.com/aws-user-group-jonkoping/"
    },
    {
      "name": "AWS User Group Skåne",
      "city": "Skåne",
      "country": "Sweden",
      "lat": 55.8472301,
      "lng": 13.6339292,
      "url": "https://www.meetup.com/aws-user-group-skane/"
    },
    {
      "name": "AWS User Group Örebro",
      "city": "Örebro",
      "country": "Sweden",
      "lat": 59.2747287,
      "lng": 15.2151181,
      "url": "https://www.meetup.com/aws-user-group-orebro/"
    },
    {
      "name": "AWS User Group Ticino",
      "city": "Ticino",
      "country": "Switzerland",
      "lat": 46.3351913,
      "lng": 8.7525902,
      "url": "https://www.meetup.com/aws-user-group-ticino/"
    },
    {
      "name": "AWS User Group Damascus",
      "city": "Damascus",
      "country": "United States",
      "lat": 39.2884381,
      "lng": -77.2038717,
      "url": "https://www.meetup.com/aws-user-group-damascus/"
    },
    {
      "name": "AWS User Group Thailand",
      "city": "Thailand",
      "country": "Thailand",
      "lat": 14.8971921,
      "lng": 100.83273,
      "url": "https://www.meetup.com/aws-user-group-thailand/"
    },
    {
      "name": "AWS User Group Tunisia",
      "city": "Tunisia",
      "country": "Tunisia",
      "lat": 33.8439408,
      "lng": 9.400138,
      "url": "https://www.meetup.com/aws-user-group-tunisia/"
    },
    {
      "name": "AWS User Group Ankara",
      "city": "Ankara",
      "country": "Turkey",
      "lat": 39.9207759,
      "lng": 32.8540497,
      "url": "https://www.meetup.com/ankara-aws-user-group/"
    },
    {
      "name": "AWS User Group Turkey",
      "city": "Turkey",
      "country": "Turkey",
      "lat": 39.294076,
      "lng": 35.2316631,
      "url": "https://www.meetup.com/aws-user-group-turkey/"
    },
    {
      "name": "AWS User Group Lviv Ukraine",
      "city": "Lviv Ukraine",
      "country": "Ukraine",
      "lat": 49.841952,
      "lng": 24.0315921,
      "url": "https://www.meetup.com/Official-AWS-User-Group-Lviv-Ukraine/"
    },
    {
      "name": "AWS User Group Kyiv",
      "city": "Kyiv",
      "country": "Ukraine",
      "lat": 50.4500336,
      "lng": 30.5241361,
      "url": "https://www.meetup.com/ru-RU/aws-user-group-kyiv/"
    },
    {
      "name": "AWS User Group Kharkiv",
      "city": "Kharkiv",
      "country": "Ukraine",
      "lat": 49.9923181,
      "lng": 36.2310146,
      "url": "https://www.meetup.com/aws-user-group-kharkiv/"
    },
    {
      "name": "AWS UG Dubai",
      "city": "Dubai",
      "country": "United Arab Emirates",
      "lat": 25.0742823,
      "lng": 55.1885387,
      "url": "https://www.meetup.com/aws-user-group-dubai/"
    },
    {
      "name": "AWS UG Abu Dhabi",
      "city": "Abu Dhabi",
      "country": "United Arab Emirates",
      "lat": 24.4538352,
      "lng": 54.3774014,
      "url": "https://www.meetup.com/aws-user-group-abu-dhabi/"
    },
    {
      "name": "AWS User Group North East Scotland",
      "city": "North East Scotland",
      "country": "United Kingdom",
      "lat": 55.151832,
      "lng": -1.5990005,
      "url": "https://www.meetup.com/aws-user-group-north-east-scotland/"
    },
    {
      "name": "AWS User Group Belfast",
      "city": "Belfast",
      "country": "United Kingdom",
      "lat": 54.596391,
      "lng": -5.9301829,
      "url": "https://www.meetup.com/AWS-Usergroup-Belfast/"
    },
    {
      "name": "AWS User Group West Midlands",
      "city": "West Midlands",
      "country": "United Kingdom",
      "lat": 52.505432,
      "lng": -1.9646782,
      "url": "https://www.meetup.com/AWS-User-Group-West-Midlands/"
    },
    {
      "name": "AWS User Group Bristol",
      "city": "Bristol",
      "country": "United Kingdom",
      "lat": 51.4538022,
      "lng": -2.5972985,
      "url": "https://www.meetup.com/aws-user-group-bristol/"
    },
    {
      "name": "AWS User Group Lancashire",
      "city": "Lancashire",
      "country": "United Kingdom",
      "lat": 53.8611712,
      "lng": -2.5650945,
      "url": "https://www.meetup.com/aws-user-group-lancashire/"
    },
    {
      "name": "AWS User Group Liverpool",
      "city": "Liverpool",
      "country": "United Kingdom",
      "lat": 53.4071991,
      "lng": -2.99168,
      "url": "https://www.meetup.com/AWS-User-Group-Liverpool/"
    },
    {
      "name": "AWS User Group UK",
      "city": "UK",
      "country": "United Kingdom",
      "lat": 54.7023545,
      "lng": -3.2765753,
      "url": "https://www.meetup.com/AWSUGUK/"
    },
    {
      "name": "AWS User Group Manchester",
      "city": "Manchester",
      "country": "United Kingdom",
      "lat": 53.4794892,
      "lng": -2.2451148,
      "url": "https://www.meetup.com/aws-user-group-manchester/"
    },
    {
      "name": "AWS User Group- North East, England",
      "city": "",
      "country": "",
      "lat": null,
      "lng": null,
      "url": "https://www.meetup.com/aws-user-group-/"
    },
    {
      "name": "AWS User Group Sheffield",
      "city": "Sheffield",
      "country": "United Kingdom",
      "lat": 53.3806626,
      "lng": -1.4702278,
      "url": "https://www.meetup.com/AWSSheffield/"
    },
    {
      "name": "AWS User Group- Thames Valley",
      "city": "",
      "country": "",
      "lat": null,
      "lng": null,
      "url": "https://www.meetup.com/AWS-User-Group-Thames-Valley/"
    },
    {
      "name": "AWS User Group York",
      "city": "York",
      "country": "United Kingdom",
      "lat": 53.9656579,
      "lng": -1.0743052,
      "url": "https://www.meetup.com/York-Amazon-Web-Services-User-Group/"
    },
    {
      "name": "AWS User Group Plymouth",
      "city": "Plymouth",
      "country": "United Kingdom",
      "lat": 50.3714122,
      "lng": -4.1424451,
      "url": "https://www.meetup.com/amazon-web-services-aws-user-group-plymouth/"
    },
    {
      "name": "AWS User Group East Midlands",
      "city": "East Midlands",
      "country": "United Kingdom",
      "lat": 53.1188177,
      "lng": -1.2597069,
      "url": "https://www.meetup.com/east-midlands-aws-user-group/"
    },
    {
      "name": "AWS User Group Los Angeles - AWS Builders LA",
      "city": "Los Angeles",
      "country": "United States",
      "lat": 34.0536909,
      "lng": -118.242766,
      "url": "https://www.meetup.com/aws-user-group-los-angeles/"
    },
    {
      "name": "AWS User Group Women Bay Area",
      "city": "Women Bay Area",
      "country": "Canada",
      "lat": 54.382526,
      "lng": -128.5316434,
      "url": "https://www.meetup.com/aws-women-bay-area/"
    },
    {
      "name": "AWS User Group Conneticut",
      "city": "Conneticut",
      "country": "United States",
      "lat": 46.790887,
      "lng": -100.7679249,
      "url": "https://www.meetup.com/aws-user-group-conneticut/"
    },
    {
      "name": "AWS User Groups of Florida - Fort Lauderdale",
      "city": "s of Florida",
      "country": "United States",
      "lat": 42.695087,
      "lng": -73.0345876,
      "url": "https://www.meetup.com/aws-user-group-s-of-florida/"
    },
    {
      "name": "AWS User Group Las Vegas",
      "city": "Las Vegas",
      "country": "United States",
      "lat": 36.1674263,
      "lng": -115.1484131,
      "url": "https://www.meetup.com/aws-user-group-las-vegas/"
    },
    {
      "name": "AWS User Group Serverless NYC",
      "city": "Serverless NYC",
      "country": "",
      "lat": null,
      "lng": null,
      "url": "https://www.meetup.com/aws-user-group-serverless-nyc/"
    },
    {
      "name": "AWS User Group - Virginia & Metro DC",
      "city": "",
      "country": "",
      "lat": null,
      "lng": null,
      "url": "https://www.meetup.com/aws-user-group-/"
    },
    {
      "name": "AWS User Group Seattle | AWSUGSEA",
      "city": "Seattle | AWSUGSEA",
      "country": "",
      "lat": null,
      "lng": null,
      "url": "https://www.meetup.com/aws-user-group-seattle-awsugsea/"
    },
    {
      "name": "AWS User Group Tulsa",
      "city": "Tulsa",
      "country": "United States",
      "lat": 36.1563122,
      "lng": -95.9927516,
      "url": "https://www.meetup.com/tulsa-aws/"
    },
    {
      "name": "AWS User Group Girls Uruguay",
      "city": "Girls Uruguay",
      "country": "Uruguay",
      "lat": -34.8271528,
      "lng": -56.0757888,
      "url": "https://www.meetup.com/aws-user-group-girls-uruguay/"
    },
    {
      "name": "AWS User Group Montevideo",
      "city": "Montevideo",
      "country": "Uruguay",
      "lat": -34.9058916,
      "lng": -56.1913095,
      "url": "https://www.meetup.com/aws-ug-montevideo-girls-chapter/"
    },
    {
      "name": "AWS User Group Tashkent",
      "city": "Tashkent",
      "country": "Uzbekistan",
      "lat": 41.3123363,
      "lng": 69.2787079,
      "url": "https://www.meetup.com/aws-tashkent/"
    },
    {
      "name": "AWS User Group Caracas",
      "city": "Caracas",
      "country": "Venezuela",
      "lat": 10.5060934,
      "lng": -66.9146008,
      "url": "https://www.meetup.com/AWS-User-Group-Caracas/"
    },
    {
      "name": "AWS User Group Vietnam",
      "city": "Vietnam",
      "country": "Vietnam",
      "lat": 15.9266657,
      "lng": 107.9650855,
      "url": "https://www.meetup.com/aws-user-group-vietnam/"
    },
    {
      "name": "AWS User Group Lusaka Zambia",
      "city": "Lusaka Zambia",
      "country": "Zambia",
      "lat": -15.4163395,
      "lng": 28.2818414,
      "url": "https://www.meetup.com/aws-user-group-lusaka-zambia/"
    },
    {
      "name": "AWS User Group Harare, Zimbabawe",
      "city": "Harare, Zimbabawe",
      "country": "",
      "lat": null,
      "lng": null,
      "url": "https://www.meetup.com/aws-user-group-harare-zimbabawe/"
    }
  ]
}